Venue Id;Linked Venue Id;Shop Type ;Postal Code;City;User Id;Referred By;Role;Created At
3;3;Test (Filter Out);10626;Berlin;2;magaloop_1;;14.02.2018 15:02:08
13;13;Kiosk / Späti / Büdchen / Trinkhalle;10625;Berlin;17;magaloop_24;;27.03.2018 07:57:33
29;29;Kiosk / Späti / Büdchen / Trinkhalle;10999;Berlin;32;magaloop_5;;12.06.2018 08:45:39
47;47;Kiosk / Späti / Büdchen / Trinkhalle;10437;Berlin;50;magaloop_5;;22.06.2018 09:09:22
59;59;Kiosk / Späti / Büdchen / Trinkhalle;12059;Berlin;62;magaloop_5;;28.06.2018 12:18:13
61;61;Kiosk / Späti / Büdchen / Trinkhalle;10249;Berlin;64;magaloop_5;;29.06.2018 11:09:23
85;160;Kiosk / Späti / Büdchen / Trinkhalle;12047;Berlin;86;magaloop_5;;19.07.2018 19:35:53
101;101;Kiosk / Späti / Büdchen / Trinkhalle;13403;Berlin;17;magaloop_24;;08.08.2018 11:05:10
109;109;Kiosk / Späti / Büdchen / Trinkhalle;10247;Berlin;103;magaloop_5;;17.08.2018 19:13:57
112;112;Kiosk / Späti / Büdchen / Trinkhalle;10551;Berlin;106;magaloop_8;;24.08.2018 08:18:03
115;115;Kiosk / Späti / Büdchen / Trinkhalle;14057;Berlin;109;magaloop_8;;28.08.2018 11:47:37
116;115;Kiosk / Späti / Büdchen / Trinkhalle;14057;Berlin;110;magaloop_8;;28.08.2018 11:49:32
128;128;Kiosk / Späti / Büdchen / Trinkhalle;10435;Berlin;119;magaloop_8;;10.09.2018 13:27:02
130;128;Kiosk / Späti / Büdchen / Trinkhalle;10435;Berlin;122;magaloop_8;;14.09.2018 09:55:13
131;131;Kiosk / Späti / Büdchen / Trinkhalle;10115;Berlin;123;magaloop_8;;14.09.2018 11:17:41
139;101;Kiosk / Späti / Büdchen / Trinkhalle;13403;Berlin;131;magaloop_25;;30.09.2018 19:20:41
143;13;Kiosk / Späti / Büdchen / Trinkhalle;10625;Berlin;135;magaloop_25;;11.10.2018 08:11:52
150;150;Kiosk / Späti / Büdchen / Trinkhalle;10551;Berlin;142;magaloop_8;;22.10.2018 12:05:36
160;160;Kiosk / Späti / Büdchen / Trinkhalle;12047;Berlin;86;magaloop_5;;19.07.2018 19:35:53
161;13;Kiosk / Späti / Büdchen / Trinkhalle;10625;Berlin;17;magaloop_24;;05.11.2018 08:53:44
194;61;Kiosk / Späti / Büdchen / Trinkhalle;10249;Berlin;182;magaloop_1;;22.11.2018 15:19:26
206;206;Test (Filter Out);10551;Berlin;194;magaloop_1;;28.11.2018 12:35:57
211;206;Test (Filter Out);10551;Berlin;199;magaloop_1;;28.11.2018 15:19:25
220;1669;Kiosk / Späti / Büdchen / Trinkhalle;10589;Berlin;208;magaloop_1;;29.11.2018 15:24:59
233;2325;Kiosk / Späti / Büdchen / Trinkhalle;10247;Berlin;219;magaloop_1;;05.12.2018 18:17:22
250;250;Kiosk / Späti / Büdchen / Trinkhalle;10245;Berlin;236;magaloop_1;;19.12.2018 12:17:05
254;254;Kiosk / Späti / Büdchen / Trinkhalle;10437;Berlin;240;magaloop_1;;19.12.2018 15:56:38
271;271;Kiosk / Späti / Büdchen / Trinkhalle;10245;Berlin;257;magaloop_1;;28.12.2018 11:32:12
272;272;Kiosk / Späti / Büdchen / Trinkhalle;10245;Berlin;258;magaloop_1;;28.12.2018 11:53:06
275;275;Kiosk / Späti / Büdchen / Trinkhalle;10245;Berlin;261;magaloop_1;;28.12.2018 13:45:17
278;278;Kiosk / Späti / Büdchen / Trinkhalle;10245;Berlin;264;magaloop_1;;14.01.2019 13:59:10
317;109;Kiosk / Späti / Büdchen / Trinkhalle;10247;Berlin;297;magaloop_3;;08.02.2019 16:04:32
344;344;Bistro / Imbiss / Restaurant;10243;Berlin;315;magaloop_3;;22.02.2019 11:55:49
369;128;Kiosk / Späti / Büdchen / Trinkhalle;10435;Berlin;336;magaloop_3;;08.03.2019 15:53:08
458;59;Kiosk / Späti / Büdchen / Trinkhalle;12059;Berlin;419;magaloop_3;;23.04.2019 15:38:26
497;497;Kiosk / Späti / Büdchen / Trinkhalle;10178;Berlin;298;magaloop_3;;27.04.2019 15:51:06
543;543;Kiosk / Späti / Büdchen / Trinkhalle;12619;Berlin;298;magaloop_3;;05.05.2019 16:57:29
638;638;Kiosk / Späti / Büdchen / Trinkhalle;10961;Berlin;575;magaloop_3;;18.05.2019 14:55:25
651;651;Cafe;14195;Berlin;585;magaloop_3;;20.05.2019 13:57:46
653;653;Bistro / Imbiss / Restaurant;13407;Berlin;286;magaloop_3;;20.05.2019 20:07:31
714;254;Kiosk / Späti / Büdchen / Trinkhalle;10437;Berlin;338;magaloop_3;;07.06.2019 10:03:09
730;131;Kiosk / Späti / Büdchen / Trinkhalle;10115;Berlin;653;magaloop_3;;13.06.2019 17:21:25
821;821;Kiosk / Späti / Büdchen / Trinkhalle;10589;Berlin;730;magaloop_3;;24.06.2019 09:03:12
973;344;Bistro / Imbiss / Restaurant;10243;Berlin;866;magaloop_3;;03.07.2019 09:59:31
1024;1024;Kiosk / Späti / Büdchen / Trinkhalle;12103;Berlin;911;magaloop_3;;06.07.2019 16:35:17
1282;47;Kiosk / Späti / Büdchen / Trinkhalle;10437;Berlin;1127;magaloop_3;;01.08.2019 16:20:26
1302;1302;Kiosk / Späti / Büdchen / Trinkhalle;12059;Berlin;1144;magaloop_3;;03.08.2019 16:54:14
1369;1302;Kiosk / Späti / Büdchen / Trinkhalle;12059;Berlin;1204;magaloop_6;;19.08.2019 13:40:46
1515;1515;Cafe;12107;Berlin;1322;magaloop_3;;31.08.2019 17:07:41
1536;1669;Kiosk / Späti / Büdchen / Trinkhalle;10589;Berlin;1342;magaloop_15;;05.09.2019 08:49:13
1540;47;Kiosk / Späti / Büdchen / Trinkhalle;10437;Berlin;1346;magaloop_6;;05.09.2019 11:48:40
1606;112;Kiosk / Späti / Büdchen / Trinkhalle;10551;Berlin;1399;magaloop_15;;16.09.2019 08:13:38
1636;1636;Cafe;13347;Berlin;1425;magaloop_3;;19.09.2019 16:45:23
1646;1646;Kiosk / Späti / Büdchen / Trinkhalle;13349;Berlin;1429;magaloop_15;;20.09.2019 11:28:10
1669;1669;Kiosk / Späti / Büdchen / Trinkhalle;10589;Berlin;1450;magaloop_6;;25.09.2019 15:58:15
1783;150;Kiosk / Späti / Büdchen / Trinkhalle;10551;Berlin;1552;magaloop_6;;11.10.2019 12:34:29
1873;1873;Bistro / Imbiss / Restaurant;10245;Berlin;1629;magaloop_6;;17.10.2019 11:25:38
2112;2112;Kiosk / Späti / Büdchen / Trinkhalle;12557;Berlin;1798;magaloop_4;;02.11.2019 12:42:38
2116;2116;Kiosk / Späti / Büdchen / Trinkhalle;10967;Berlin;1802;magaloop_22;;02.11.2019 23:45:39
2139;1873;Bistro / Imbiss / Restaurant;10245;Berlin;1822;magaloop_4;;05.11.2019 14:06:14
2325;2325;Kiosk / Späti / Büdchen / Trinkhalle;10247;Berlin;1981;magaloop_2;;14.12.2019 04:00:01
2397;2397;Kiosk / Späti / Büdchen / Trinkhalle;50129;Bergheim;2043;magaloop_18;;08.01.2020 10:29:23
2427;2427;Kiosk / Späti / Büdchen / Trinkhalle;42855;Remscheid;2069;magaloop_18;;13.01.2020 10:11:36
2428;2427;Kiosk / Späti / Büdchen / Trinkhalle;42855;Remscheid;2070;magaloop_18;;13.01.2020 12:05:54
2443;2443;Bäckerei;52372;Kreuzau;2083;magaloop_18;;16.01.2020 05:05:37
2444;2444;Kiosk / Späti / Büdchen / Trinkhalle;46562;Voerde (Niederrhein);2084;magaloop_19;;16.01.2020 08:38:37
2457;2457;Kiosk / Späti / Büdchen / Trinkhalle;50321;Brühl;2097;magaloop_18;;22.01.2020 06:49:15
2488;2488;Kiosk / Späti / Büdchen / Trinkhalle;46562;Voerde;2126;magaloop_19;;28.01.2020 11:44:47
2513;2325;Kiosk / Späti / Büdchen / Trinkhalle;10247;Berlin;2150;magaloop_2;;31.01.2020 20:49:04
2529;2529;Kiosk / Späti / Büdchen / Trinkhalle;51375;Leverkusen;2165;magaloop_17;;01.02.2020 06:42:00
2532;2532;Kiosk / Späti / Büdchen / Trinkhalle;51399;Burscheid;2168;magaloop_17;;01.02.2020 07:02:57
2564;2564;Kiosk / Späti / Büdchen / Trinkhalle;13599;Berlin;2200;magaloop_3;;01.02.2020 14:54:08
2695;2695;Kiosk / Späti / Büdchen / Trinkhalle;52355;Düren;2316;magaloop_18;;13.02.2020 11:45:53
2704;2704;Kiosk / Späti / Büdchen / Trinkhalle;13403;Berlin;131;magaloop_25;;15.02.2020 09:46:06
2720;2720;Kiosk / Späti / Büdchen / Trinkhalle;10245;Berlin;2335;magaloop_13;;17.02.2020 14:35:11
2751;2751;Kiosk / Späti / Büdchen / Trinkhalle;45149;Essen;2358;magaloop_17;;26.02.2020 06:58:15
2753;1515;Bar / Lounge;12107;Berlin;2359;magaloop_3;;26.02.2020 12:56:49
2757;2757;Kiosk / Späti / Büdchen / Trinkhalle;13353;Berlin;2363;magaloop_3;;27.02.2020 17:26:26
2783;2783;Kiosk / Späti / Büdchen / Trinkhalle;42857;Remscheid;2388;magaloop_18;;10.03.2020 10:45:16
2795;2325;Kiosk / Späti / Büdchen / Trinkhalle;10247;Berlin;2399;magaloop_3;;19.03.2020 14:41:16
2799;2799;Tankstelle;46244;Bottrop;2402;magaloop_18;;20.03.2020 10:17:04
2802;1669;Kiosk / Späti / Büdchen / Trinkhalle;10589;Berlin;2404;magaloop_2;;22.03.2020 11:38:19
2825;2825;Kiosk / Späti / Büdchen / Trinkhalle;41352;Korschenbroich;2425;magaloop_17;;07.04.2020 06:48:45
2857;2857;Kiosk / Späti / Büdchen / Trinkhalle;40882;Ratingen;2453;magaloop_18;;24.04.2020 09:19:44
2858;2857;Kiosk / Späti / Büdchen / Trinkhalle;40882;Ratingen;2454;magaloop_18;;26.04.2020 07:54:14
2862;2862;Tankstelle;45894;Gelsenkirchen;2458;magaloop_19;;28.04.2020 10:15:52
2866;2866;Bäckerei;41564;Kaarst;2462;magaloop_18;;29.04.2020 09:23:17
2869;2869;Bistro / Imbiss / Restaurant;12587;Berlin;2465;magaloop_3;;30.04.2020 13:30:16
2873;2873;Kiosk / Späti / Büdchen / Trinkhalle;40476;Düsseldorf;2469;magaloop_18;;05.05.2020 11:54:01
2881;2862;Tankstelle;45894;Gelsenkirchen;2477;magaloop_19;;09.05.2020 12:28:16
2889;2889;Kiosk / Späti / Büdchen / Trinkhalle;50676;Köln;2484;magaloop_23;;14.05.2020 12:08:31
2928;2928;Sonstige;44579;Castrop-Rauxel;2516;magaloop_19;;28.05.2020 12:13:39
2950;2950;Kiosk / Späti / Büdchen / Trinkhalle;50259;Pulheim;2535;magaloop_17;;04.06.2020 14:49:57
2978;1302;Kiosk / Späti / Büdchen / Trinkhalle;12059;Berlin;2561;magaloop_7;;11.06.2020 14:23:46
2995;1302;Kiosk / Späti / Büdchen / Trinkhalle;12059;Berlin;1204;magaloop_6;;16.06.2020 19:27:06
3119;131;Kiosk / Späti / Büdchen / Trinkhalle;10115;Berlin;2688;magaloop_3;;08.07.2020 13:23:04
3186;3186;Kiosk / Späti / Büdchen / Trinkhalle;10999;Berlin;2750;magaloop_3;;17.07.2020 09:59:55
3200;3200;Bistro / Imbiss / Restaurant;13055;Berlin;2763;magaloop_4;;18.07.2020 13:37:16
3205;150;Kiosk / Späti / Büdchen / Trinkhalle;10551;Berlin;2768;magaloop_9;;20.07.2020 16:05:23
3252;1669;Kiosk / Späti / Büdchen / Trinkhalle;10589;Berlin;2811;magaloop_12;;30.07.2020 15:57:38
3281;3281;Kiosk / Späti / Büdchen / Trinkhalle;41849;Wassenberg;2837;magaloop_17;shop_owner;10.08.2020 19:42:48
3547;497;Kiosk / Späti / Büdchen / Trinkhalle;10178;Berlin;3070;magaloop_3;shop_owner;08.09.2020 11:41:17
3745;3745;Kiosk / Späti / Büdchen / Trinkhalle;47839;Krefeld;3246;magaloop_17;shop_owner;18.09.2020 12:08:29
3809;3809;Kiosk / Späti / Büdchen / Trinkhalle;51069;Köln;3299;magaloop_14;shop_owner;22.09.2020 11:29:27
3831;3831;Kiosk / Späti / Büdchen / Trinkhalle;50672;Köln;3320;magaloop_10;shop_owner;24.09.2020 13:25:45
3860;3860;Kiosk / Späti / Büdchen / Trinkhalle;13158;Berlin;3343;magaloop_3;shop_owner;28.09.2020 10:41:54
3961;2751;Kiosk / Späti / Büdchen / Trinkhalle;45149;Essen;3432;magaloop_14;shop_owner;01.10.2020 16:03:28
3980;3980;Kiosk / Späti / Büdchen / Trinkhalle;52525;Heinsberg;3448;magaloop_21;shop_owner;02.10.2020 15:57:10
4073;4073;Kiosk / Späti / Büdchen / Trinkhalle;42399;Wuppertal;3525;magaloop_14;;12.10.2020 14:07:40
4086;4073;Kiosk / Späti / Büdchen / Trinkhalle;42399;Wuppertal;3537;magaloop_14;shop_owner;14.10.2020 08:17:06
4111;4111;Kiosk / Späti / Büdchen / Trinkhalle;50668;Köln;3560;magaloop_2;shop_owner;15.10.2020 12:44:47
4162;4162;Kiosk / Späti / Büdchen / Trinkhalle;42857;Remscheid;3608;magaloop_14;shop_owner;23.10.2020 10:22:15
4243;4162;Kiosk / Späti / Büdchen / Trinkhalle;42857;Remscheid;3679;magaloop_14;shop_owner;03.11.2020 09:49:56
4252;4252;Kiosk / Späti / Büdchen / Trinkhalle;40595;Düsseldorf;3688;magaloop_17;shop_owner;03.11.2020 11:57:12
4343;4343;Bäckerei;12059;Berlin;3772;magaloop_3;shop_employee;10.11.2020 20:12:47
4344;4343;Bäckerei;12059;Berlin;3773;magaloop_3;shop_owner;10.11.2020 20:14:43
4378;4073;Kiosk / Späti / Büdchen / Trinkhalle;42399;Wuppertal;3806;magaloop_14;shop_employee;16.11.2020 16:24:03
4453;4453;Kiosk / Späti / Büdchen / Trinkhalle;47443;Moers;3872;magaloop_17;shop_owner;26.11.2020 08:50:34
4723;2857;Kiosk / Späti / Büdchen / Trinkhalle;40882;Ratingen;4101;magaloop_17;shop_owner;17.12.2020 09:39:35
4898;4898;Test (Filter Out);60439;Frankfurt am Main;4233;magaloop_11;shop_owner;12.01.2021 10:36:46
4905;4073;Kiosk / Späti / Büdchen / Trinkhalle;42399;Wuppertal;4239;magaloop_20;shop_employee;12.01.2021 12:06:45
5134;59;Kiosk / Späti / Büdchen / Trinkhalle;12059;Berlin;4437;magaloop_3;shop_owner;22.01.2021 13:28:58
7052;206;Test (Filter Out);10551;Berlin;6043;magaloop_3;shop_owner;12.06.2021 09:56:28
8169;271;Kiosk / Späti / Büdchen / Trinkhalle;10245;Berlin;6992;magaloop_16;shop_owner;18.08.2021 07:12:15